{
  "profit": {
    "xgboost": {
      "rmse": 19632941.45016943,
      "mae": 3141633.1860269257,
      "r2": 0.8391468964691471,
      "mape": 13.376034270678659,
      "train_sec": 0.29503917694091797
    },
    "lightgbm": {
      "rmse": 18781529.38469648,
      "mae": 3866058.196995535,
      "r2": 0.8527956614995998,
      "mape": 23.935212198090856,
      "train_sec": 0.3606376647949219
    },
    "catboost": {
      "rmse": 11219333.573886277,
      "mae": 1964459.9961412556,
      "r2": 0.9474717632012178,
      "mape": 18.003394643822016,
      "train_sec": 23.31375813484192
    },
    "best_model": "catboost"
  },
  "route": {
    "xgboost": {
      "accuracy": 0.9533333333333334,
      "macro_f1": 0.6248973876092521,
      "weighted_f1": 0.9510821382007822,
      "top2_accuracy": 0.9933333333333333,
      "train_sec": 1.683243751525879
    },
    "lightgbm": {
      "accuracy": 0.9533333333333334,
      "macro_f1": 0.609053295623028,
      "weighted_f1": 0.9474426868455947,
      "top2_accuracy": 1.0,
      "train_sec": 1.145322561264038
    },
    "catboost": {
      "accuracy": 0.9533333333333334,
      "macro_f1": 0.7816764132553605,
      "weighted_f1": 0.9624795321637426,
      "top2_accuracy": 0.9866666666666667,
      "train_sec": 70.76779317855835
    },
    "best_model": "catboost",
    "classes": [
      "kabak_cekirdegi_protein_powder",
      "kabak_cekirdegi_pumpkin_seed_oil",
      "kabak_cekirdegi_roasted_packaged",
      "kabak_cekirdegi_tourism_gift_pack",
      "perlit_filtration_product",
      "perlit_raw_sale",
      "pomza_bims_aggregate",
      "pomza_filtration_media",
      "pomza_micronized_pumice",
      "pomza_raw_sale"
    ]
  },
  "seed": 42
}